player,role
Basil Thampi,bowler
Umar Gul,bowler
RJ Gleeson,bowler
UT Yadav,bowler
A Manohar,batsman
R Dravid,batsman
R Rampaul,bowler
K Khejroliya,bowler
GR Napier,allrounder
GJ Maxwell,allrounder
JL Pattinson,bowler
M Markande,bowler
UT Khawaja,batsman
SB Bangar,allrounder
S Rana,batsman
KS Bharat,batsman
SR Watson,allrounder
KK Nair,batsman
L Balaji,bowler
Abdul Basith,batsman
LH Ferguson,bowler
RJ Peterson,allrounder
KK Cooper,bowler
CR Brathwaite,allrounder
KK Ahmed,bowler
A Nortje,bowler
Mukesh Choudhary,bowler
I Udana,bowler
M Klinger,batsman
CH Gayle,batsman
NL McCullum,allrounder
SA Yadav,batsman
MJ Lumb,batsman
AC Blizzard,batsman
D Ferreira,batsman
JD Ryder,allrounder
V Shankar,batsman
AG Murtaza,bowler
Tanush Kotian,batsman
D Pretorius,bowler
RA Jadeja,allrounder
DJ Harris,batsman
PBB Rajapaksa,batsman
V Viyaskanth,bowler
CRD Fernando,bowler
J Syed Mohammad,bowler
Sameer Rizvi,batsman
MC Henriques,allrounder
DL Vettori,bowler
MJ Guptill,batsman
P Dogra,batsman
AJ Tye,bowler
Ravi Bishnoi,bowler
AC Thomas,bowler
JJ Roy,batsman
VVS Laxman,batsman
Akash Singh,bowler
S Kaushik,bowler
KR Mayers,batsman
AD Nath,batsman
AR Bawne,batsman
SPD Smith,batsman
Arjun Tendulkar,bowler
JJ Bumrah,bowler
Noor Ahmad,bowler
Vijaykumar Vyshak,bowler
RK Bhui,batsman
RV Uthappa,batsman
M Kaif,batsman
MG Bracewell,allrounder
AS Yadav,batsman
MA Agarwal,batsman
Sanvir Singh,batsman
CL White,batsman
IK Pathan,allrounder
M Shahrukh Khan,batsman
Y Venugopal Rao,batsman
Sunny Singh,batsman
RA Tripathi,batsman
S Vidyut,batsman
AT Rayudu,batsman
Harshit Rana,bowler
NJ Maddinson,batsman
Simarjeet Singh,bowler
WPUJC Vaas,bowler
Azmatullah Omarzai,bowler
C Sakariya,bowler
DS Kulkarni,bowler
Abhishek Sharma,batsman
AP Majumdar,batsman
SB Joshi,bowler
S Dhawan,batsman
N Rana,batsman
A Dananjaya,bowler
RJ Harris,bowler
RJW Topley,bowler
RV Patel,batsman
Shahbaz Ahmed,allrounder
PM Sarvesh Kumar,bowler
Akash Deep,bowler
DP Vijaykumar,bowler
M Muralitharan,bowler
SB Wagh,bowler
A Chandila,bowler
KL Rahul,batsman
WD Parnell,bowler
R Sai Kishore,bowler
Sikandar Raza,allrounder
Gurkeerat Singh,batsman
MP Stoinis,allrounder
S Gopal,bowler
S Randiv,bowler
AS Roy,bowler
MN Samuels,allrounder
AA Kazi,bowler
RP Meredith,bowler
S Tyagi,bowler
I Sharma,bowler
Nithish Kumar Reddy,allrounder
DJ Muthuswami,bowler
LE Plunkett,bowler
YV Takawale,batsman
V Pratap Singh,bowler
RA Bawa,batsman
HH Pandya,allrounder
VR Iyer,batsman
Shashank Singh,batsman
OF Smith,allrounder
Tejas Baroka,bowler
K Gowtham,bowler
AU Rashid,bowler
Gurnoor Brar,bowler
Parvez Rasool,bowler
Abishek Porel,batsman
A Raghuvanshi,batsman
BMAJ Mendis,allrounder
DT Christian,allrounder
B Sumanth,batsman
MS Dhoni,batsman
DR Shorey,batsman
K Kartikeya,bowler
AA Chavan,bowler
R Sathish,allrounder
J Botha,allrounder
J Theron,bowler
PP Shaw,batsman
KMA Paul,bowler
JPR Scantlebury-Searles,bowler
LI Meriwala,bowler
AJ Turner,batsman
M Manhas,batsman
S Sriram,allrounder
A Flintoff,allrounder
MA Starc,bowler
SS Sarkar,bowler
R Powell,batsman
KV Sharma,bowler
LJ Wright,allrounder
CV Varun,bowler
R Vinay Kumar,bowler
AP Tare,batsman
Gagandeep Singh,bowler
P Kumar,bowler
JJ van der Wath,bowler
PSP Handscomb,batsman
BE Hendricks,bowler
Suyash Sharma,bowler
Vivrant Sharma,allrounder
R Bishnoi,batsman
DM Bravo,batsman
MS Gony,bowler
TK Curran,allrounder
Liton Das,batsman
VS Yeligati,bowler
MN van Wyk,batsman
C Ganapathy,bowler
CM Gautam,batsman
GHS Garton,bowler
Y Gnaneswara Rao,allrounder
T Kohli,batsman
Mohit Rathee,bowler
Kamran Akmal,batsman
TH David,batsman
S Badrinath,batsman
A Zampa,bowler
A Symonds,allrounder
Rashid Khan,bowler
JM Sharma,batsman
TM Srivastava,batsman
A Mishra,bowler
S Kaul,bowler
Mukesh Kumar,bowler
R Ashwin,bowler
CA Pujara,batsman
BR Sharath,batsman
MJ Santner,bowler
Ankit Sharma,bowler
JM Kemp,allrounder
UBT Chand,batsman
R Bhatia,bowler
NK Patel,batsman
N Wadhera,batsman
IC Pandey,bowler
Mayank Dagar,bowler
Kuldeep Yadav,bowler
M Jansen,bowler
AA Kulkarni,batsman
AA Noffke,allrounder
Rasikh Salam,bowler
Monu Kumar,bowler
SO Hetmyer,batsman
ER Dwivedi,batsman
SM Katich,batsman
TL Suman,batsman
FH Edwards,bowler
H Klaasen,batsman
IS Sodhi,bowler
U Kaul,batsman
Arshdeep Singh,bowler
SW Billings,batsman
K Upadhyay,bowler
AC Voges,allrounder
L Wood,bowler
C Green,allrounder
MD Shanaka,batsman
Y Prithvi Raj,bowler
T Kohler-Cadmore,batsman
SL Malinga,bowler
Iqbal Abdulla,bowler
HH Gibbs,batsman
F Behardien,batsman
LB Williams,bowler
RG More,bowler
Ramandeep Singh,allrounder
JA Richardson,bowler
AD Hales,batsman
Harbhajan Singh,bowler
HC Brook,batsman
MJ Clarke,allrounder
Harmeet Singh,bowler
KAJ Roach,bowler
RS Hangargekar,bowler
B Sai Sudharsan,batsman
KA Maharaj,bowler
WA Mota,allrounder
CJ Anderson,allrounder
T Shamsi,bowler
BJ Rohrer,batsman
DNT Zoysa,bowler
SM Boland,bowler
DJ Bravo,allrounder
V Sehwag,batsman
Sohail Tanvir,bowler
R Dhawan,bowler
Yudhvir Singh,bowler
SN Thakur,bowler
Anmolpreet Singh,batsman
I Malhotra,allrounder
RR Pant,batsman
SD Chitnis,allrounder
HV Patel,bowler
MW Short,batsman
NS Naik,batsman
P Amarnath,bowler
LMP Simmons,batsman
VS Malik,bowler
SE Bond,bowler
SS Cottrell,bowler
SP Narine,bowler
LRPL Taylor,batsman
Atharva Taide,batsman
A Nehra,bowler
DE Bollinger,bowler
AC Gilchrist,batsman
AS Rajpoot,bowler
Umran Malik,bowler
IC Porel,bowler
Kartik Tyagi,bowler
AA Bilakhia,batsman
Yash Thakur,bowler
R Sanjay Yadav,bowler
TR Birt,batsman
JR Hopes,allrounder
SV Samson,batsman
VG Arora,bowler
AM Salvi,bowler
KM Jadhav,batsman
B Chipli,batsman
JE Root,allrounder
R Shukla,bowler
KS Sharma,batsman
RP Singh,bowler
NLTC Perera,allrounder
Ankit Soni,bowler
Ashutosh Sharma,batsman
J Suchith,bowler
L Ronchi,batsman
Kumar Kushagra,batsman
VR Aaron,bowler
NB Singh,bowler
KL Nagarkoti,bowler
P Suyal,bowler
BJ Hodge,batsman
TS Mills,bowler
F du Plessis,batsman
AT Carey,batsman
RW Price,bowler
R Goyal,bowler
AK Markram,batsman
Pankaj Singh,bowler
W Jaffer,batsman
DPMD Jayawardene,batsman
M Rawat,batsman
Navdeep Saini,bowler
M Morkel,bowler
MJ Suthar,bowler
DJG Sammy,allrounder
Saurav Chauhan,batsman
S Sohal,batsman
M Pathirana,bowler
ST Jayasuriya,allrounder
R Ninan,bowler
J Arunkumar,batsman
DP Conway,batsman
B Akhil,bowler
Dhruv Jurel,batsman
PJ Sangwan,bowler
B Geeves,bowler
MEK Hussey,batsman
MG Neser,bowler
M Siddharth,bowler
RD Gaikwad,batsman
Sandeep Sharma,bowler
NJ Rimmington,bowler
Abdul Samad,batsman
K Yadav,bowler
SK Warne,bowler
M Ashwin,bowler
Vishnu Vinod,batsman
S Nadeem,bowler
Harpreet Singh,batsman
JC Archer,bowler
Harpreet Brar,bowler
S Midhun,bowler
Mohammed Shami,bowler
VRV Singh,bowler
PD Collingwood,allrounder
A Tomar,batsman
SP Fleming,batsman
KC Sangakkara,batsman
MA Khote,allrounder
KH Pandya,allrounder
Mandeep Singh,batsman
JP Faulkner,bowler
BCJ Cutting,allrounder
MS Wade,batsman
Sunny Gupta,bowler
SZ Mulani,bowler
A Chopra,batsman
SA Asnodkar,batsman
D Salunkhe,allrounder
DH Yagnik,batsman
KB Arun Karthik,batsman
R Sharma,bowler
KA Jamieson,bowler
JH Kallis,allrounder
TU Deshpande,bowler
AR Patel,allrounder
DR Sams,bowler
AS Raut,batsman
AS Joseph,bowler
RE Levi,batsman
AJ Finch,batsman
RR Rossouw,batsman
T Natarajan,bowler
Naveen-ul-Haq,bowler
RE van der Merwe,bowler
SM Pollock,allrounder
SB Styris,allrounder
H Sharma,bowler
JW Hastings,bowler
DA Warner,batsman
SC Ganguly,batsman
BB Samantray,batsman
Shivam Sharma,bowler
SS Mundhe,bowler
Bipul Sharma,bowler
GC Smith,batsman
PWH de Silva,bowler
Lalit Yadav,allrounder
SE Rutherford,allrounder
PVD Chameera,bowler
DB Das,batsman
SH Johnson,bowler
MP Yadav,bowler
DJ Jacobs,batsman
PK Garg,batsman
C de Grandhomme,allrounder
DG Nalkande,bowler
Aman Hakim Khan,batsman
AN Ghosh,batsman
R Ravindra,batsman
Shoaib Malik,allrounder
RR Bhatkal,bowler
KR Sen,bowler
Sumit Kumar,allrounder
AD Mascarenhas,bowler
AN Ahmed,bowler
RM Patidar,batsman
J Yadav,bowler
SM Harwood,bowler
ML Hayden,batsman
Akash Madhwal,bowler
Mohammed Siraj,bowler
IR Jaggi,batsman
AF Milne,bowler
E Lewis,batsman
AB McDonald,allrounder
N Burger,bowler
SP Goswami,batsman
AA Jhunjhunwala,allrounder
Shoaib Akhtar,bowler
R McLaren,allrounder
P Ray Barman,allrounder
M Prasidh Krishna,bowler
S Narwal,bowler
GC Viljoen,bowler
S Dube,batsman
MM Patel,bowler
AM Nayar,allrounder
Karanveer Singh,bowler
SN Khan,batsman
Jaskaran Singh,bowler
AD Russell,allrounder
GD Phillips,allrounder
K Rabada,bowler
PA Patel,batsman
DS Lehmann,batsman
M Theekshana,bowler
D Brevis,batsman
SP Jackson,batsman
Anirudh Singh,batsman
B Stanlake,bowler
D Wiese,allrounder
Shivam Mavi,bowler
JM Bairstow,batsman
RN ten Doeschate,allrounder
B Kumar,bowler
BW Hilfenhaus,bowler
NV Ojha,batsman
RR Powar,bowler
V Kaverappa,bowler
A Nel,bowler
SE Marsh,batsman
N Pooran,batsman
RR Bose,bowler
A Mukund,batsman
BA Bhatt,bowler
Arshad Khan (2),bowler
CJ Dala,bowler
N Saini,batsman
KC Cariappa,bowler
MJ Henry,bowler
L Ngidi,bowler
K Santokie,bowler
VH Zol,batsman
TM Dilshan,batsman
PH Solanki,bowler
DP Nannes,bowler
D Padikkal,batsman
Abdur Razzak,bowler
KA Pollard,allrounder
S Chanderpaul,batsman
T Banton,batsman
SC Kuggeleijn,bowler
S Sreesanth,bowler
KP Appanna,bowler
S Lamichhane,bowler
G Gambhir,batsman
Yashpal Singh,batsman
GJ Bailey,batsman
Rahmanullah Gurbaz,batsman
TL Seifert,batsman
JL Denly,batsman
MV Boucher,batsman
NT Ellis,bowler
A Ashish Reddy,allrounder
ND Doshi,bowler
D du Preez,bowler
Shivam Singh,batsman
YS Chahal,bowler
X Thalaivan Sargunam,batsman
HR Shokeen,bowler
RG Sharma,batsman
BB McCullum,batsman
SS Agarwal,bowler
PJ Cummins,bowler
O Thomas,bowler
P Prasanth,bowler
T Thushara,bowler
JA Morkel,allrounder
T Taibu,batsman
WP Saha,batsman
RA Shaikh,bowler
CR Woakes,bowler
GD McGrath,bowler
A Badoni,batsman
TD Paine,batsman
JP Duminy,allrounder
JR Philippe,batsman
MC Juneja,batsman
G Coetzee,bowler
MJ McClenaghan,bowler
P Awana,bowler
WG Jacks,allrounder
S Sandeep Warrier,bowler
SR Tendulkar,batsman
LS Livingstone,allrounder
DW Steyn,bowler
DAJ Bracewell,allrounder
C Munro,batsman
DA Miller,batsman
NA Saini,bowler
LR Shukla,allrounder
CJ Jordan,bowler
PP Ojha,bowler
GH Vihari,batsman
DJ Hussey,batsman
PA Reddy,batsman
NM Coulter-Nile,bowler
L Ablish,bowler
KS Williamson,batsman
DR Smith,batsman
PP Chawla,bowler
GS Sandhu,bowler
K Goel,batsman
MS Bisla,batsman
TP Sudhindra,bowler
JR Hazlewood,bowler
Mohammad Nabi,allrounder
A Kamboj,bowler
D Kalyankrishna,bowler
HF Gurney,bowler
SMSM Senanayake,bowler
SJ Srivastava,bowler
Mohsin Khan,bowler
SS Prabhudessai,batsman
RR Raje,bowler
B Lee,bowler
BJ Haddin,batsman
Shakib Al Hasan,allrounder
JDS Neesham,allrounder
Tilak Varma,batsman
HM Amla,batsman
DB Ravi Teja,batsman
Younis Khan,batsman
AP Dole,bowler
LA Pomersbach,batsman
RT Ponting,batsman
AJ Hosein,allrounder
KJ Abbott,bowler
DJ Thornely,allrounder
SSB Magala,bowler
DJ Willey,bowler
RK Singh,batsman
R Tewatia,allrounder
TG Southee,bowler
YBK Jaiswal,batsman
P Dubey,allrounder
Anuj Rawat,batsman
Anureet Singh,bowler
A Choudhary,bowler
HE van der Dussen,batsman
T Henderson,allrounder
MDKJ Perera,batsman
AD Mathews,allrounder
S Aravind,bowler
RD Chahar,bowler
Sachin Baby,batsman
Fazalhaq Farooqi,bowler
LA Carseldine,batsman
CA Lynn,batsman
STR Binny,allrounder
Naman Dhir,allrounder
KW Richardson,bowler
PD Salt,batsman
MF Maharoof,bowler
Avesh Khan,bowler
A Uniyal,bowler
MK Tiwary,batsman
M Kartik,bowler
Mohammad Asif,bowler
RJ Quiney,batsman
Imran Tahir,bowler
M de Lange,bowler
JP Behrendorff,bowler
KMDN Kulasekara,bowler
Swapnil Singh,bowler
Mujeeb Ur Rahman,bowler
CK Kapugedera,allrounder
AUK Pathan,allrounder
YV Dhull,batsman
RS Sodhi,batsman
PR Shah,batsman
Mohammad Hafeez,allrounder
S Anirudha,batsman
MM Sharma,bowler
P Negi,allrounder
SK Trivedi,bowler
SB Dubey,batsman
Mohammad Ashraful,batsman
TA Boult,bowler
S Joseph,bowler
DJ Hooda,batsman
AB de Villiers,batsman
TM Head,batsman
KD Karthik,batsman
CK Langeveldt,bowler
JDP Oram,allrounder
DT Patil,batsman
P Sahu,bowler
SD Lad,batsman
Joginder Sharma,bowler
J Fraser-McGurk,batsman
OA Shah,batsman
Y Nagar,batsman
Arshad Khan,allrounder
S Badree,bowler
B Laughlin,bowler
KT Maphaka,bowler
AL Menaria,batsman
SD Hope,batsman
BR Dunk,batsman
JC Buttler,batsman
D Jansen,bowler
V Kohli,batsman
R Shepherd,allrounder
AB Dinda,bowler
M Vijay,batsman
M Ntini,bowler
MG Johnson,bowler
AB Agarkar,bowler
RV Gomez,allrounder
JE Taylor,bowler
Misbah-ul-Haq,batsman
A Kumble,bowler
OC McCoy,bowler
BA Stokes,allrounder
Z Khan,bowler
VY Mahesh,bowler
Salman Butt,batsman
N Thushara,bowler
DJ Mitchell,batsman
SW Tait,bowler
JO Holder,bowler
DL Chahar,bowler
C Nanda,bowler
P Simran Singh,batsman
MB Parmar,bowler
SK Raina,batsman
MK Lomror,batsman
N Jagadeesan,batsman
P Chopra,batsman
CJ Ferguson,batsman
P Parameswaran,bowler
Azhar Mahmood,allrounder
KM Asif,bowler
M Vohra,batsman
FA Allen,bowler
Yash Dayal,bowler
CJ Green,bowler
EJG Morgan,batsman
SS Shaikh,batsman
A Singh,bowler
SS Tiwary,batsman
GB Hogg,bowler
R Parag,batsman
Kamran Khan,bowler
Washington Sundar,bowler
PN Mankad,batsman
DR Martyn,batsman
H Das,batsman
Jalaj S Saxena,bowler
PV Tambe,bowler
T Stubbs,batsman
A Mithun,bowler
MM Ali,allrounder
BB Sran,bowler
Ishan Kishan,batsman
MK Pandey,batsman
CA Ingram,batsman
DJM Short,batsman
RS Bopara,allrounder
JEC Franklin,allrounder
SS Iyer,batsman
UA Birla,batsman
Gulbadin Naib,allrounder
AM Rahane,batsman
SB Jakati,bowler
MA Wood,bowler
AB Barath,batsman
B Indrajith,batsman
Shoaib Ahmed,bowler
S Ladda,bowler
SA Abbott,bowler
CJ McKay,allrounder
JD Unadkat,bowler
KP Pietersen,batsman
SM Curran,allrounder
Shubman Gill,batsman
J Little,bowler
RS Gavaskar,allrounder
LPC Silva,batsman
RR Sarwan,batsman
CH Morris,bowler
DJ Malan,batsman
C Madan,batsman
Anand Rajan,bowler
Q de Kock,batsman
Virat Singh,batsman
Yuvraj Singh,allrounder
Mashrafe Mortaza,bowler
AG Paunikar,batsman
MR Marsh,allrounder
BAW Mendis,bowler
YK Pathan,allrounder
Shahid Afridi,bowler
Mustafizur Rahman,bowler
PC Valthaty,allrounder
FY Fazal,batsman
MD Mishra,batsman
YA Abdulla,bowler
